symbol,shares,entryPrice,entryTime,exitPrice,exitTime,side,setup,confidence,ruleViolation,psychology,whatWorked,whatFailed,link

Week Summary,,,,,,,,,,,,,,
NVDA,500,148.50,2026-04-03 9:35:00 AM,152.40,2026-04-03 10:18:00 AM,long,ORB breakout,5,n/a,very confident,scaled in on confirmation,could hold runner,
PLTR,800,88.20,2026-04-03 11:05:00 AM,90.75,2026-04-03 12:30:00 PM,long,VWAP reclaim,5,n/a,focused,waited for volume,took profits early,
TSLA,200,265.30,2026-04-03 2:15:00 PM,261.80,2026-04-03 3:20:00 PM,short,reversal play,4,n/a,calm,good entry timing,exited before target,
MARA,1000,22.40,2026-04-01 9:40:00 AM,24.10,2026-04-01 10:55:00 AM,long,crypto momentum,5,n/a,very confident,rode momentum,could scale better,
RIOT,1000,14.80,2026-04-01 11:20:00 AM,15.90,2026-04-01 1:45:00 PM,long,BTC correlation,4,n/a,focused,correlated entry timing,sold too soon,
CRWD,150,372.50,2026-04-02 9:35:00 AM,381.20,2026-04-02 11:00:00 AM,long,gap and go,5,n/a,confident,A+ execution,could hold runner,
AMZN,300,210.80,2026-04-02 1:30:00 PM,214.50,2026-04-02 3:10:00 PM,long,trend continuation,4,n/a,patient,partial exits smooth,exited at first resistance,
META,100,548.20,2026-04-03 9:45:00 AM,555.60,2026-04-03 11:30:00 AM,long,PMH breakout,5,n/a,very confident,added on confirmation,took profits early,
COIN,250,278.40,2026-04-03 2:00:00 PM,271.20,2026-04-03 3:45:00 PM,short,BTC correlation,4,n/a,calm,good entry timing,could add on pullback,

Week Summary,,,,,,,,,,,,,,
NVDA,400,145.80,2026-03-27 9:35:00 AM,150.20,2026-03-27 10:45:00 AM,long,ORB breakout,5,n/a,very confident,scaled in on confirmation,could hold runner,
PLTR,600,85.40,2026-03-25 9:40:00 AM,88.90,2026-03-25 11:20:00 AM,long,VWAP reclaim,5,n/a,focused,waited for volume,took profits early,
TSLA,200,258.70,2026-03-24 10:15:00 AM,263.40,2026-03-24 12:00:00 PM,long,trend continuation,4,n/a,patient,held through pullback,sold too soon,
AMD,300,168.20,2026-03-26 9:35:00 AM,173.80,2026-03-26 10:50:00 AM,long,ORB breakout,5,n/a,confident,A+ execution,could hold runner,
MARA,800,21.30,2026-03-25 11:30:00 AM,23.50,2026-03-25 2:15:00 PM,long,crypto momentum,4,n/a,focused,correlated entry timing,could scale better,
NET,400,122.40,2026-03-27 10:00:00 AM,118.80,2026-03-27 11:30:00 AM,short,reversal play,4,n/a,calm,good entry timing,exited before target,
GOOGL,200,181.50,2026-03-24 2:00:00 PM,185.20,2026-03-24 3:30:00 PM,long,support reclaim,4,n/a,patient,partial exits smooth,exited at first resistance,
CRWD,100,368.40,2026-03-26 1:45:00 PM,375.60,2026-03-26 3:20:00 PM,long,flag breakout,5,n/a,very confident,rode momentum,took profits early,
UPST,500,76.80,2026-03-23 9:40:00 AM,80.50,2026-03-23 11:15:00 AM,long,morning momentum,5,n/a,very confident,added on confirmation,could hold runner,

Week Summary,,,,,,,,,,,,,,
NVDA,500,142.30,2026-03-20 9:35:00 AM,147.60,2026-03-20 10:55:00 AM,long,ORB breakout,5,n/a,very confident,scaled in on confirmation,could hold runner,
TSLA,250,252.80,2026-03-18 9:40:00 AM,248.20,2026-03-18 11:00:00 AM,short,reversal play,4,n/a,calm,good entry timing,exited before target,
PLTR,700,82.60,2026-03-19 9:35:00 AM,86.40,2026-03-19 11:20:00 AM,long,gap and go,5,n/a,confident,A+ execution,sold too soon,
MARA,1000,20.50,2026-03-17 10:00:00 AM,22.80,2026-03-17 12:30:00 PM,long,crypto momentum,5,n/a,very confident,rode momentum,could scale better,
AMD,400,162.40,2026-03-18 1:30:00 PM,166.80,2026-03-18 3:00:00 PM,long,VWAP reclaim,4,n/a,focused,waited for volume,took profits early,
DDOG,300,142.80,2026-03-19 2:00:00 PM,146.50,2026-03-19 3:30:00 PM,long,trend continuation,4,n/a,patient,held through pullback,exited at first resistance,
META,100,540.60,2026-03-16 9:45:00 AM,548.20,2026-03-16 11:30:00 AM,long,PMH breakout,5,n/a,very confident,added on confirmation,could hold runner,
RIOT,800,13.40,2026-03-17 11:00:00 AM,14.60,2026-03-17 1:45:00 PM,long,BTC correlation,4,n/a,focused,correlated entry timing,took profits early,
COIN,200,268.50,2026-03-20 1:30:00 PM,262.80,2026-03-20 3:15:00 PM,short,BTC correlation,4,n/a,calm,partial exits smooth,exited before target,

Week Summary,,,,,,,,,,,,,,
NVDA,450,139.60,2026-03-13 9:35:00 AM,144.80,2026-03-13 11:00:00 AM,long,ORB breakout,5,n/a,very confident,scaled in on confirmation,could hold runner,
PLTR,600,80.20,2026-03-11 9:40:00 AM,83.90,2026-03-11 11:15:00 AM,long,VWAP reclaim,5,n/a,focused,waited for volume,sold too soon,
TSLA,200,248.40,2026-03-09 10:00:00 AM,253.70,2026-03-09 12:00:00 PM,long,trend continuation,4,n/a,patient,held through pullback,took profits early,
SMCI,500,42.80,2026-03-10 9:35:00 AM,45.20,2026-03-10 10:45:00 AM,long,gap and go,5,n/a,confident,A+ execution,could hold runner,
MARA,900,19.60,2026-03-12 11:00:00 AM,21.40,2026-03-12 1:30:00 PM,long,crypto momentum,4,n/a,focused,correlated entry timing,could scale better,
AMD,350,158.80,2026-03-11 2:00:00 PM,163.50,2026-03-11 3:30:00 PM,long,support reclaim,4,n/a,calm,partial exits smooth,exited at first resistance,
CRWD,100,362.40,2026-03-13 1:45:00 PM,370.80,2026-03-13 3:15:00 PM,long,multi-day breakout,5,n/a,very confident,rode momentum,took profits early,
GOOGL,250,178.60,2026-03-09 1:30:00 PM,182.40,2026-03-09 3:00:00 PM,long,pullback to 9 EMA,4,n/a,patient,good entry timing,exited at first resistance,
UPST,400,74.20,2026-03-10 2:15:00 PM,77.80,2026-03-10 3:45:00 PM,long,morning momentum,5,n/a,very confident,added on confirmation,could hold runner,

Week Summary,,,,,,,,,,,,,,
NVDA,500,136.40,2026-03-06 9:35:00 AM,141.60,2026-03-06 10:50:00 AM,long,ORB breakout,5,n/a,very confident,scaled in on confirmation,could hold runner,
TSLA,300,244.80,2026-03-04 9:40:00 AM,240.50,2026-03-04 11:00:00 AM,short,reversal play,4,n/a,calm,good entry timing,exited before target,
PLTR,700,77.80,2026-03-05 9:35:00 AM,81.20,2026-03-05 11:15:00 AM,long,gap and go,5,n/a,confident,A+ execution,sold too soon,
MARA,1000,18.80,2026-03-02 10:15:00 AM,20.60,2026-03-02 12:30:00 PM,long,crypto momentum,5,n/a,very confident,rode momentum,could scale better,
AMD,400,155.40,2026-03-03 9:45:00 AM,160.20,2026-03-03 11:30:00 AM,long,VWAP reclaim,4,n/a,focused,waited for volume,took profits early,
NET,300,117.60,2026-03-04 1:30:00 PM,121.40,2026-03-04 3:00:00 PM,long,trend continuation,4,n/a,patient,held through pullback,exited at first resistance,
COIN,250,258.40,2026-03-06 1:45:00 PM,253.20,2026-03-06 3:30:00 PM,short,BTC correlation,4,n/a,calm,partial exits smooth,exited before target,
AMZN,250,207.60,2026-03-05 2:00:00 PM,211.80,2026-03-05 3:30:00 PM,long,pullback to 9 EMA,4,n/a,patient,good entry timing,took profits early,
SMCI,400,40.60,2026-03-02 11:00:00 AM,43.20,2026-03-02 1:45:00 PM,long,support reclaim,5,n/a,very confident,added on confirmation,could hold runner,

Week Summary,,,,,,,,,,,,,,
NVDA,400,133.80,2026-02-27 9:35:00 AM,138.40,2026-02-27 10:45:00 AM,long,ORB breakout,5,n/a,very confident,scaled in on confirmation,could hold runner,
PLTR,600,75.40,2026-02-25 9:40:00 AM,78.80,2026-02-25 11:20:00 AM,long,VWAP reclaim,5,n/a,focused,waited for volume,took profits early,
TSLA,200,241.60,2026-02-24 10:00:00 AM,246.80,2026-02-24 12:00:00 PM,long,trend continuation,4,n/a,patient,held through pullback,sold too soon,
AMD,350,152.60,2026-02-26 9:35:00 AM,157.40,2026-02-26 10:50:00 AM,long,morning momentum,5,n/a,confident,A+ execution,could hold runner,
MARA,800,18.20,2026-02-23 11:30:00 AM,19.80,2026-02-23 2:00:00 PM,long,crypto momentum,4,n/a,focused,correlated entry timing,could scale better,
CRWD,100,356.80,2026-02-27 10:00:00 AM,363.40,2026-02-27 11:30:00 AM,long,flag breakout,5,n/a,very confident,rode momentum,took profits early,
DDOG,300,138.40,2026-02-24 2:00:00 PM,142.60,2026-02-24 3:30:00 PM,long,consolidation break,4,n/a,calm,partial exits smooth,exited at first resistance,
GOOGL,200,175.80,2026-02-25 1:30:00 PM,179.60,2026-02-25 3:15:00 PM,long,support reclaim,4,n/a,patient,good entry timing,took profits early,
RIOT,700,12.80,2026-02-26 11:00:00 AM,13.90,2026-02-26 1:45:00 PM,long,BTC correlation,4,n/a,focused,added on confirmation,exited at first resistance,

Week Summary,,,,,,,,,,,,,,
NVDA,500,131.20,2026-02-20 9:35:00 AM,136.40,2026-02-20 11:00:00 AM,long,ORB breakout,5,n/a,very confident,scaled in on confirmation,could hold runner,
TSLA,300,238.80,2026-02-18 9:40:00 AM,234.20,2026-02-18 11:00:00 AM,short,reversal play,4,n/a,calm,good entry timing,exited before target,
PLTR,700,73.20,2026-02-19 9:35:00 AM,76.80,2026-02-19 11:15:00 AM,long,gap and go,5,n/a,confident,A+ execution,sold too soon,
MARA,900,17.60,2026-02-17 10:00:00 AM,19.40,2026-02-17 1:30:00 PM,long,crypto momentum,5,n/a,very confident,rode momentum,could scale better,
AMD,400,149.80,2026-02-18 1:30:00 PM,154.60,2026-02-18 3:00:00 PM,long,VWAP reclaim,4,n/a,focused,waited for volume,took profits early,
SMCI,500,38.40,2026-02-19 2:00:00 PM,41.20,2026-02-19 3:30:00 PM,long,trend continuation,4,n/a,patient,held through pullback,exited at first resistance,
META,100,530.40,2026-02-16 9:45:00 AM,538.60,2026-02-16 11:30:00 AM,long,PMH breakout,5,n/a,very confident,added on confirmation,could hold runner,
COIN,200,248.60,2026-02-20 1:45:00 PM,243.40,2026-02-20 3:30:00 PM,short,BTC correlation,4,n/a,calm,partial exits smooth,exited before target,
UPST,400,71.40,2026-02-17 11:00:00 AM,74.80,2026-02-17 2:00:00 PM,long,morning momentum,4,n/a,focused,correlated entry timing,took profits early,

Week Summary,,,,,,,,,,,,,,
NVDA,450,128.60,2026-02-13 9:35:00 AM,133.80,2026-02-13 10:55:00 AM,long,ORB breakout,5,n/a,very confident,scaled in on confirmation,could hold runner,
PLTR,600,71.40,2026-02-11 9:40:00 AM,74.80,2026-02-11 11:20:00 AM,long,VWAP reclaim,5,n/a,focused,waited for volume,sold too soon,
TSLA,200,235.60,2026-02-09 10:00:00 AM,240.40,2026-02-09 12:00:00 PM,long,trend continuation,4,n/a,patient,held through pullback,took profits early,
AMD,350,147.20,2026-02-10 9:35:00 AM,152.40,2026-02-10 10:50:00 AM,long,morning momentum,5,n/a,confident,A+ execution,could hold runner,
MARA,800,16.80,2026-02-12 11:00:00 AM,18.40,2026-02-12 1:45:00 PM,long,crypto momentum,4,n/a,focused,correlated entry timing,could scale better,
NET,400,114.20,2026-02-11 2:00:00 PM,118.40,2026-02-11 3:30:00 PM,long,consolidation break,4,n/a,calm,partial exits smooth,exited at first resistance,
CRWD,100,350.60,2026-02-13 1:45:00 PM,358.40,2026-02-13 3:15:00 PM,long,multi-day breakout,5,n/a,very confident,rode momentum,took profits early,
GOOGL,250,173.20,2026-02-09 1:30:00 PM,177.40,2026-02-09 3:00:00 PM,long,pullback to 9 EMA,4,n/a,patient,good entry timing,exited at first resistance,
SMCI,500,36.80,2026-02-10 2:15:00 PM,39.40,2026-02-10 3:45:00 PM,long,support reclaim,5,n/a,very confident,added on confirmation,could hold runner,

Week Summary,,,,,,,,,,,,,,
NVDA,500,126.20,2026-02-06 9:35:00 AM,131.40,2026-02-06 10:50:00 AM,long,ORB breakout,5,n/a,very confident,scaled in on confirmation,could hold runner,
TSLA,300,232.80,2026-02-04 9:40:00 AM,228.60,2026-02-04 11:00:00 AM,short,reversal play,4,n/a,calm,good entry timing,exited before target,
PLTR,700,69.60,2026-02-05 9:35:00 AM,73.20,2026-02-05 11:15:00 AM,long,gap and go,5,n/a,confident,A+ execution,sold too soon,
MARA,1000,16.20,2026-02-02 10:15:00 AM,17.80,2026-02-02 12:30:00 PM,long,crypto momentum,5,n/a,very confident,rode momentum,could scale better,
AMD,400,144.60,2026-02-03 9:45:00 AM,149.40,2026-02-03 11:30:00 AM,long,VWAP reclaim,4,n/a,focused,waited for volume,took profits early,
AMZN,250,204.40,2026-02-04 1:30:00 PM,208.60,2026-02-04 3:00:00 PM,long,trend continuation,4,n/a,patient,held through pullback,exited at first resistance,
COIN,250,238.80,2026-02-06 1:45:00 PM,233.60,2026-02-06 3:30:00 PM,short,BTC correlation,4,n/a,calm,partial exits smooth,exited before target,
RIOT,800,12.20,2026-02-05 11:00:00 AM,13.20,2026-02-05 1:45:00 PM,long,BTC correlation,4,n/a,focused,correlated entry timing,took profits early,
DDOG,300,135.80,2026-02-03 2:00:00 PM,139.60,2026-02-03 3:30:00 PM,long,flag breakout,5,n/a,very confident,added on confirmation,could hold runner,

Week Summary,,,,,,,,,,,,,,
NVDA,450,123.80,2026-01-30 9:35:00 AM,128.60,2026-01-30 10:55:00 AM,long,ORB breakout,5,n/a,very confident,scaled in on confirmation,could hold runner,
PLTR,600,68.20,2026-01-28 9:40:00 AM,71.60,2026-01-28 11:20:00 AM,long,VWAP reclaim,5,n/a,focused,waited for volume,sold too soon,
TSLA,200,230.40,2026-01-26 10:00:00 AM,235.20,2026-01-26 12:00:00 PM,long,trend continuation,4,n/a,patient,held through pullback,took profits early,
AMD,350,142.40,2026-01-29 9:35:00 AM,147.60,2026-01-29 10:50:00 AM,long,morning momentum,5,n/a,confident,A+ execution,could hold runner,
MARA,800,15.60,2026-01-27 11:30:00 AM,17.20,2026-01-27 2:00:00 PM,long,crypto momentum,4,n/a,focused,correlated entry timing,could scale better,
SMCI,400,35.20,2026-01-30 10:00:00 AM,37.80,2026-01-30 11:30:00 AM,long,gap and go,4,n/a,calm,partial exits smooth,exited at first resistance,
CRWD,100,346.20,2026-01-28 2:00:00 PM,353.80,2026-01-28 3:30:00 PM,long,multi-day breakout,5,n/a,very confident,rode momentum,took profits early,
GOOGL,200,171.40,2026-01-26 1:30:00 PM,175.60,2026-01-26 3:15:00 PM,long,support reclaim,4,n/a,patient,good entry timing,took profits early,
COIN,200,229.40,2026-01-29 1:45:00 PM,225.20,2026-01-29 3:15:00 PM,short,BTC correlation,4,n/a,calm,good entry timing,exited before target,

Week Summary,,,,,,,,,,,,,,
NVDA,500,160.40,2026-01-23 9:35:00 AM,165.20,2026-01-23 10:45:00 AM,long,ORB breakout,5,n/a,very confident,scaled in on confirmation,could hold runner,
TSLA,300,286.80,2026-01-21 9:40:00 AM,282.40,2026-01-21 11:00:00 AM,short,reversal play,4,n/a,calm,good entry timing,exited before target,
PLTR,700,93.40,2026-01-22 9:35:00 AM,89.60,2026-01-22 10:45:00 AM,short,reversal play,4,n/a,calm,good entry timing,exited before target,
MARA,900,26.40,2026-01-19 10:00:00 AM,24.80,2026-01-19 11:30:00 AM,short,BTC correlation,4,n/a,calm,correlated entry timing,exited before target,
AMD,400,176.20,2026-01-20 9:45:00 AM,172.40,2026-01-20 11:15:00 AM,short,reversal play,4,n/a,patient,good entry timing,exited at first resistance,
META,100,572.60,2026-01-23 1:30:00 PM,578.40,2026-01-23 3:00:00 PM,long,PMH breakout,5,n/a,very confident,added on confirmation,could hold runner,
NVDA,300,158.80,2026-01-21 1:00:00 PM,163.40,2026-01-21 3:15:00 PM,long,VWAP reclaim,4,n/a,focused,waited for volume,sold too soon,
AMZN,250,222.60,2026-01-22 2:00:00 PM,218.40,2026-01-22 3:30:00 PM,short,reversal play,4,n/a,calm,partial exits smooth,exited before target,
CRWD,100,392.40,2026-01-19 2:15:00 PM,386.80,2026-01-19 3:45:00 PM,short,reversal play,3,exited too early,patient,good entry timing,exited before target,

Week Summary,,,,,,,,,,,,,,
NVDA,500,157.60,2026-01-16 9:35:00 AM,162.40,2026-01-16 10:50:00 AM,long,ORB breakout,5,n/a,very confident,scaled in on confirmation,could hold runner,
PLTR,600,90.80,2026-01-14 9:40:00 AM,94.20,2026-01-14 11:20:00 AM,long,VWAP reclaim,5,n/a,focused,waited for volume,sold too soon,
TSLA,200,282.40,2026-01-12 10:00:00 AM,287.60,2026-01-12 12:00:00 PM,long,trend continuation,4,n/a,patient,held through pullback,took profits early,
AMD,350,173.60,2026-01-15 9:35:00 AM,168.80,2026-01-15 10:50:00 AM,short,reversal play,4,n/a,calm,good entry timing,exited before target,
MARA,800,25.60,2026-01-13 11:30:00 AM,27.20,2026-01-13 2:00:00 PM,long,crypto momentum,5,n/a,very confident,rode momentum,could scale better,
META,100,568.40,2026-01-16 10:00:00 AM,574.80,2026-01-16 11:30:00 AM,long,PMH breakout,5,n/a,very confident,added on confirmation,took profits early,
CRWD,100,388.60,2026-01-14 2:00:00 PM,395.40,2026-01-14 3:30:00 PM,long,multi-day breakout,5,n/a,very confident,rode momentum,could hold runner,
GOOGL,200,186.40,2026-01-12 1:30:00 PM,182.60,2026-01-12 3:00:00 PM,short,reversal play,4,n/a,calm,good entry timing,exited before target,
COIN,250,296.40,2026-01-13 9:45:00 AM,291.80,2026-01-13 11:00:00 AM,short,BTC correlation,4,n/a,calm,partial exits smooth,exited before target,

Week Summary,,,,,,,,,,,,,,
NVDA,500,154.80,2026-01-09 9:35:00 AM,159.60,2026-01-09 10:55:00 AM,long,ORB breakout,5,n/a,very confident,scaled in on confirmation,could hold runner,
PLTR,700,88.40,2026-01-07 9:40:00 AM,92.20,2026-01-07 11:15:00 AM,long,VWAP reclaim,5,n/a,focused,waited for volume,took profits early,
TSLA,200,278.60,2026-01-05 10:00:00 AM,283.80,2026-01-05 12:00:00 PM,long,trend continuation,4,n/a,patient,held through pullback,sold too soon,
AMD,400,170.80,2026-01-08 9:35:00 AM,176.20,2026-01-08 10:50:00 AM,long,morning momentum,5,n/a,confident,A+ execution,could hold runner,
MARA,800,24.80,2026-01-06 11:00:00 AM,26.40,2026-01-06 1:30:00 PM,long,crypto momentum,4,n/a,focused,correlated entry timing,could scale better,
SMCI,400,48.40,2026-01-09 10:00:00 AM,44.80,2026-01-09 11:30:00 AM,short,reversal play,4,n/a,calm,good entry timing,exited before target,
CRWD,100,384.80,2026-01-07 2:00:00 PM,391.60,2026-01-07 3:30:00 PM,long,flag breakout,5,n/a,very confident,rode momentum,took profits early,
AMZN,250,220.40,2026-01-05 1:30:00 PM,224.60,2026-01-05 3:00:00 PM,long,support reclaim,4,n/a,patient,good entry timing,exited at first resistance,
RIOT,800,16.40,2026-01-08 11:00:00 AM,17.60,2026-01-08 1:45:00 PM,long,BTC correlation,4,n/a,focused,added on confirmation,took profits early,

Week Summary,,,,,,,,,,,,,,
NVDA,400,152.40,2025-12-31 9:35:00 AM,157.20,2025-12-31 10:45:00 AM,long,ORB breakout,5,n/a,very confident,scaled in on confirmation,could hold runner,
PLTR,600,86.20,2025-12-29 9:40:00 AM,89.80,2025-12-29 11:20:00 AM,long,VWAP reclaim,5,n/a,focused,waited for volume,sold too soon,
TSLA,200,276.40,2026-01-02 10:00:00 AM,281.60,2026-01-02 12:00:00 PM,long,trend continuation,4,n/a,patient,held through pullback,took profits early,
AMD,350,168.40,2025-12-30 9:35:00 AM,173.60,2025-12-30 10:50:00 AM,long,morning momentum,5,n/a,confident,A+ execution,could hold runner,
MARA,700,24.20,2025-12-31 11:30:00 AM,25.80,2025-12-31 2:00:00 PM,long,crypto momentum,4,n/a,focused,correlated entry timing,could scale better,
GOOGL,200,183.60,2025-12-29 2:00:00 PM,187.40,2025-12-29 3:30:00 PM,long,consolidation break,4,n/a,calm,partial exits smooth,exited at first resistance,
META,100,564.80,2026-01-02 1:30:00 PM,571.20,2026-01-02 3:00:00 PM,long,PMH breakout,5,n/a,very confident,added on confirmation,took profits early,
COIN,200,290.60,2025-12-30 1:45:00 PM,285.40,2025-12-30 3:15:00 PM,short,BTC correlation,4,n/a,calm,good entry timing,exited before target,
NET,400,127.40,2025-12-29 11:00:00 AM,123.80,2025-12-29 12:30:00 PM,short,reversal play,4,n/a,calm,good entry timing,exited before target,

Week Summary,,,,,,,,,,,,,,
NVDA,500,149.80,2025-12-26 9:35:00 AM,154.60,2025-12-26 10:50:00 AM,long,ORB breakout,5,n/a,very confident,scaled in on confirmation,could hold runner,
PLTR,600,84.20,2025-12-24 9:40:00 AM,87.60,2025-12-24 11:15:00 AM,long,VWAP reclaim,5,n/a,focused,waited for volume,sold too soon,
TSLA,200,272.80,2025-12-22 10:00:00 AM,277.60,2025-12-22 12:00:00 PM,long,trend continuation,4,n/a,patient,held through pullback,took profits early,
AMD,350,165.60,2025-12-23 9:35:00 AM,170.80,2025-12-23 10:50:00 AM,long,morning momentum,5,n/a,confident,A+ execution,could hold runner,
MARA,700,23.60,2025-12-22 11:30:00 AM,25.20,2025-12-22 2:00:00 PM,long,crypto momentum,4,n/a,focused,correlated entry timing,could scale better,
CRWD,100,380.40,2025-12-26 10:00:00 AM,387.60,2025-12-26 11:30:00 AM,long,flag breakout,5,n/a,very confident,rode momentum,took profits early,
DDOG,300,148.40,2025-12-23 2:00:00 PM,152.60,2025-12-23 3:30:00 PM,long,trend continuation,4,n/a,calm,partial exits smooth,exited at first resistance,
SMCI,400,46.80,2025-12-24 1:30:00 PM,43.20,2025-12-24 3:00:00 PM,short,reversal play,4,n/a,calm,good entry timing,exited before target,
AMZN,250,217.60,2025-12-22 1:30:00 PM,221.80,2025-12-22 3:00:00 PM,long,support reclaim,4,n/a,patient,good entry timing,took profits early,

Week Summary,,,,,,,,,,,,,,
NVDA,500,147.20,2025-12-19 9:35:00 AM,152.40,2025-12-19 10:55:00 AM,long,ORB breakout,5,n/a,very confident,scaled in on confirmation,could hold runner,
PLTR,700,82.40,2025-12-17 9:40:00 AM,85.80,2025-12-17 11:20:00 AM,long,VWAP reclaim,5,n/a,focused,waited for volume,took profits early,
TSLA,200,269.40,2025-12-15 10:00:00 AM,274.60,2025-12-15 12:00:00 PM,long,trend continuation,4,n/a,patient,held through pullback,sold too soon,
AMD,400,163.20,2025-12-18 9:35:00 AM,168.40,2025-12-18 10:50:00 AM,long,morning momentum,5,n/a,confident,A+ execution,could hold runner,
MARA,800,23.20,2025-12-16 11:00:00 AM,24.80,2025-12-16 1:30:00 PM,long,crypto momentum,4,n/a,focused,correlated entry timing,could scale better,
META,100,560.40,2025-12-19 10:00:00 AM,567.20,2025-12-19 11:30:00 AM,long,PMH breakout,5,n/a,very confident,added on confirmation,took profits early,
GOOGL,200,181.20,2025-12-15 2:00:00 PM,185.40,2025-12-15 3:30:00 PM,long,pullback to 9 EMA,4,n/a,patient,good entry timing,exited at first resistance,
RIOT,700,15.80,2025-12-17 11:00:00 AM,16.90,2025-12-17 1:45:00 PM,long,BTC correlation,4,n/a,focused,correlated entry timing,took profits early,
NET,300,124.80,2025-12-18 2:00:00 PM,128.60,2025-12-18 3:30:00 PM,long,consolidation break,4,n/a,calm,partial exits smooth,exited at first resistance,

Week Summary,,,,,,,,,,,,,,
NVDA,450,144.60,2025-12-12 9:35:00 AM,149.80,2025-12-12 10:45:00 AM,long,ORB breakout,5,n/a,very confident,scaled in on confirmation,could hold runner,
PLTR,600,80.60,2025-12-10 9:40:00 AM,83.80,2025-12-10 11:20:00 AM,long,VWAP reclaim,5,n/a,focused,waited for volume,sold too soon,
TSLA,200,266.80,2025-12-08 10:00:00 AM,271.40,2025-12-08 12:00:00 PM,long,trend continuation,4,n/a,patient,held through pullback,took profits early,
AMD,350,160.80,2025-12-11 9:35:00 AM,156.20,2025-12-11 10:50:00 AM,short,reversal play,4,n/a,calm,good entry timing,exited before target,
MARA,800,22.80,2025-12-09 11:30:00 AM,24.40,2025-12-09 2:00:00 PM,long,crypto momentum,5,n/a,very confident,rode momentum,could scale better,
CRWD,100,376.60,2025-12-12 10:00:00 AM,383.80,2025-12-12 11:30:00 AM,long,multi-day breakout,5,n/a,very confident,rode momentum,took profits early,
DDOG,300,145.60,2025-12-09 2:00:00 PM,149.80,2025-12-09 3:30:00 PM,long,flag breakout,4,n/a,calm,partial exits smooth,exited at first resistance,
AMZN,250,214.80,2025-12-08 1:30:00 PM,218.60,2025-12-08 3:00:00 PM,long,support reclaim,4,n/a,patient,good entry timing,exited at first resistance,
SMCI,500,44.60,2025-12-10 2:15:00 PM,41.20,2025-12-10 3:45:00 PM,short,reversal play,4,n/a,calm,good entry timing,exited before target,

Week Summary,,,,,,,,,,,,,,
NVDA,500,142.20,2025-12-05 9:35:00 AM,147.40,2025-12-05 10:50:00 AM,long,ORB breakout,5,n/a,very confident,scaled in on confirmation,could hold runner,
TSLA,300,263.60,2025-12-03 9:40:00 AM,268.80,2025-12-03 11:00:00 AM,long,trend continuation,4,n/a,patient,held through pullback,sold too soon,
PLTR,700,79.00,2025-12-04 9:35:00 AM,82.40,2025-12-04 11:15:00 AM,long,gap and go,5,n/a,confident,A+ execution,took profits early,
MARA,900,22.40,2025-12-01 10:00:00 AM,24.00,2025-12-01 12:30:00 PM,long,crypto momentum,5,n/a,very confident,rode momentum,could scale better,
AMD,400,158.40,2025-12-02 9:45:00 AM,163.20,2025-12-02 11:30:00 AM,long,VWAP reclaim,4,n/a,focused,waited for volume,took profits early,
GOOGL,200,179.00,2025-12-03 2:00:00 PM,183.20,2025-12-03 3:30:00 PM,long,pullback to 9 EMA,4,n/a,patient,good entry timing,exited at first resistance,
NET,400,122.00,2025-12-04 1:30:00 PM,125.80,2025-12-04 3:00:00 PM,long,consolidation break,4,n/a,calm,partial exits smooth,exited at first resistance,
COIN,250,283.40,2025-12-05 1:45:00 PM,278.20,2025-12-05 3:30:00 PM,short,BTC correlation,4,n/a,calm,good entry timing,exited before target,
RIOT,700,15.20,2025-12-02 11:00:00 AM,16.40,2025-12-02 1:45:00 PM,long,BTC correlation,4,n/a,focused,correlated entry timing,took profits early,

Week Summary,,,,,,,,,,,,,,
NVDA,500,139.80,2025-11-28 9:35:00 AM,144.60,2025-11-28 10:55:00 AM,long,ORB breakout,5,n/a,very confident,scaled in on confirmation,could hold runner,
PLTR,600,77.40,2025-11-26 9:40:00 AM,80.60,2025-11-26 11:20:00 AM,long,VWAP reclaim,5,n/a,focused,waited for volume,sold too soon,
TSLA,200,260.80,2025-11-24 10:00:00 AM,265.60,2025-11-24 12:00:00 PM,long,trend continuation,4,n/a,patient,held through pullback,took profits early,
AMD,350,156.20,2025-11-25 9:35:00 AM,161.40,2025-11-25 10:50:00 AM,long,morning momentum,5,n/a,confident,A+ execution,could hold runner,
MARA,800,21.80,2025-11-24 11:30:00 AM,23.40,2025-11-24 2:00:00 PM,long,crypto momentum,4,n/a,focused,correlated entry timing,could scale better,
SMCI,400,43.20,2025-11-28 10:00:00 AM,46.40,2025-11-28 11:30:00 AM,long,gap and go,4,n/a,calm,partial exits smooth,exited at first resistance,
CRWD,100,373.00,2025-11-26 2:00:00 PM,380.20,2025-11-26 3:30:00 PM,long,multi-day breakout,5,n/a,very confident,rode momentum,took profits early,
DDOG,300,143.20,2025-11-25 2:00:00 PM,147.40,2025-11-25 3:30:00 PM,long,flag breakout,4,n/a,calm,partial exits smooth,exited at first resistance,
COIN,200,276.80,2025-11-27 1:45:00 PM,271.60,2025-11-27 3:15:00 PM,short,BTC correlation,4,n/a,calm,good entry timing,exited before target,

Week Summary,,,,,,,,,,,,,,
NVDA,500,137.40,2025-11-21 9:35:00 AM,142.60,2025-11-21 10:50:00 AM,long,ORB breakout,5,n/a,very confident,scaled in on confirmation,could hold runner,
TSLA,300,257.60,2025-11-19 9:40:00 AM,262.80,2025-11-19 11:00:00 AM,long,trend continuation,4,n/a,patient,held through pullback,sold too soon,
PLTR,700,75.80,2025-11-20 9:35:00 AM,79.20,2025-11-20 11:15:00 AM,long,gap and go,5,n/a,confident,A+ execution,took profits early,
MARA,900,21.40,2025-11-17 10:00:00 AM,23.00,2025-11-17 1:30:00 PM,long,crypto momentum,5,n/a,very confident,rode momentum,could scale better,
AMD,400,154.00,2025-11-18 9:45:00 AM,158.80,2025-11-18 11:30:00 AM,long,VWAP reclaim,4,n/a,focused,waited for volume,took profits early,
META,100,550.60,2025-11-21 10:00:00 AM,557.40,2025-11-21 11:30:00 AM,long,PMH breakout,5,n/a,very confident,added on confirmation,took profits early,
SMCI,500,41.80,2025-11-19 2:00:00 PM,45.00,2025-11-19 3:30:00 PM,long,trend continuation,4,n/a,patient,held through pullback,exited at first resistance,
NET,400,119.80,2025-11-17 11:00:00 AM,116.20,2025-11-17 12:30:00 PM,short,reversal play,4,n/a,calm,good entry timing,exited before target,
UPST,400,78.40,2025-11-20 2:00:00 PM,82.00,2025-11-20 3:30:00 PM,long,morning momentum,4,n/a,focused,correlated entry timing,took profits early,

Week Summary,,,,,,,,,,,,,,
NVDA,450,135.20,2025-11-14 9:35:00 AM,140.40,2025-11-14 10:55:00 AM,long,ORB breakout,5,n/a,very confident,scaled in on confirmation,could hold runner,
PLTR,600,74.20,2025-11-12 9:40:00 AM,77.60,2025-11-12 11:20:00 AM,long,VWAP reclaim,5,n/a,focused,waited for volume,sold too soon,
TSLA,200,254.40,2025-11-10 10:00:00 AM,259.20,2025-11-10 12:00:00 PM,long,trend continuation,4,n/a,patient,held through pullback,took profits early,
AMD,350,151.80,2025-11-13 9:35:00 AM,156.60,2025-11-13 10:50:00 AM,long,morning momentum,5,n/a,confident,A+ execution,could hold runner,
MARA,800,21.00,2025-11-11 11:00:00 AM,22.60,2025-11-11 1:45:00 PM,long,crypto momentum,4,n/a,focused,correlated entry timing,could scale better,
CRWD,100,369.40,2025-11-14 10:00:00 AM,376.60,2025-11-14 11:30:00 AM,long,flag breakout,5,n/a,very confident,rode momentum,took profits early,
GOOGL,200,176.60,2025-11-10 2:00:00 PM,172.80,2025-11-10 3:30:00 PM,short,reversal play,4,n/a,calm,good entry timing,exited before target,
AMZN,250,211.80,2025-11-12 2:00:00 PM,215.60,2025-11-12 3:30:00 PM,long,support reclaim,4,n/a,patient,good entry timing,exited at first resistance,
SMCI,500,40.40,2025-11-11 9:45:00 AM,43.60,2025-11-11 11:15:00 AM,long,gap and go,4,n/a,calm,partial exits smooth,took profits early,

Week Summary,,,,,,,,,,,,,,
NVDA,500,133.00,2025-11-07 9:35:00 AM,138.20,2025-11-07 10:50:00 AM,long,ORB breakout,5,n/a,very confident,scaled in on confirmation,could hold runner,
TSLA,300,251.40,2025-11-05 9:40:00 AM,256.60,2025-11-05 11:00:00 AM,long,trend continuation,4,n/a,patient,held through pullback,sold too soon,
PLTR,700,72.80,2025-11-06 9:35:00 AM,76.20,2025-11-06 11:15:00 AM,long,gap and go,5,n/a,confident,A+ execution,took profits early,
MARA,900,20.60,2025-11-03 10:00:00 AM,22.20,2025-11-03 1:30:00 PM,long,crypto momentum,5,n/a,very confident,rode momentum,could scale better,
AMD,400,149.60,2025-11-04 9:45:00 AM,154.40,2025-11-04 11:30:00 AM,long,VWAP reclaim,4,n/a,focused,waited for volume,took profits early,
NET,300,117.40,2025-11-05 2:00:00 PM,121.20,2025-11-05 3:30:00 PM,long,consolidation break,4,n/a,calm,partial exits smooth,exited at first resistance,
DDOG,300,140.80,2025-11-07 1:30:00 PM,144.60,2025-11-07 3:00:00 PM,long,trend continuation,4,n/a,calm,partial exits smooth,exited at first resistance,
SMCI,400,38.80,2025-11-06 11:00:00 AM,42.00,2025-11-06 1:45:00 PM,long,support reclaim,5,n/a,very confident,added on confirmation,could hold runner,
RIOT,700,14.80,2025-11-04 11:00:00 AM,15.90,2025-11-04 1:45:00 PM,long,BTC correlation,4,n/a,focused,correlated entry timing,took profits early,

Week Summary,,,,,,,,,,,,,,
NVDA,450,130.80,2025-10-31 9:35:00 AM,135.60,2025-10-31 10:45:00 AM,long,ORB breakout,5,n/a,very confident,scaled in on confirmation,could hold runner,
PLTR,600,71.60,2025-10-29 9:40:00 AM,74.80,2025-10-29 11:20:00 AM,long,VWAP reclaim,5,n/a,focused,waited for volume,sold too soon,
TSLA,200,248.40,2025-10-27 10:00:00 AM,253.20,2025-10-27 12:00:00 PM,long,trend continuation,4,n/a,patient,held through pullback,took profits early,
AMD,350,147.40,2025-10-30 9:35:00 AM,152.20,2025-10-30 10:50:00 AM,long,morning momentum,5,n/a,confident,A+ execution,could hold runner,
MARA,800,20.20,2025-10-28 11:30:00 AM,21.80,2025-10-28 2:00:00 PM,long,crypto momentum,4,n/a,focused,correlated entry timing,could scale better,
CRWD,100,365.80,2025-10-31 10:00:00 AM,373.00,2025-10-31 11:30:00 AM,long,multi-day breakout,5,n/a,very confident,rode momentum,took profits early,
SMCI,500,37.60,2025-10-29 2:00:00 PM,40.80,2025-10-29 3:30:00 PM,long,trend continuation,4,n/a,patient,held through pullback,exited at first resistance,
GOOGL,200,174.40,2025-10-27 1:30:00 PM,178.60,2025-10-27 3:00:00 PM,long,support reclaim,4,n/a,patient,good entry timing,took profits early,
NET,400,115.80,2025-10-28 11:00:00 AM,119.60,2025-10-28 1:45:00 PM,long,consolidation break,4,n/a,calm,partial exits smooth,exited at first resistance,

Week Summary,,,,,,,,,,,,,,
NVDA,500,128.60,2025-10-24 9:35:00 AM,133.40,2025-10-24 10:50:00 AM,long,ORB breakout,5,n/a,very confident,scaled in on confirmation,could hold runner,
TSLA,300,245.60,2025-10-22 9:40:00 AM,250.40,2025-10-22 11:00:00 AM,long,trend continuation,4,n/a,patient,held through pullback,sold too soon,
PLTR,700,70.40,2025-10-23 9:35:00 AM,73.60,2025-10-23 11:15:00 AM,long,gap and go,5,n/a,confident,A+ execution,took profits early,
MARA,800,19.80,2025-10-20 10:00:00 AM,21.40,2025-10-20 1:30:00 PM,long,crypto momentum,5,n/a,very confident,rode momentum,could scale better,
AMD,400,145.20,2025-10-21 9:45:00 AM,150.00,2025-10-21 11:30:00 AM,long,VWAP reclaim,4,n/a,focused,waited for volume,took profits early,
META,100,541.00,2025-10-24 10:00:00 AM,547.80,2025-10-24 11:30:00 AM,long,PMH breakout,5,n/a,very confident,added on confirmation,took profits early,
RIOT,700,14.20,2025-10-22 11:00:00 AM,15.30,2025-10-22 1:45:00 PM,long,BTC correlation,4,n/a,focused,correlated entry timing,took profits early,
SMCI,400,36.40,2025-10-23 2:00:00 PM,39.60,2025-10-23 3:30:00 PM,long,support reclaim,4,n/a,calm,partial exits smooth,exited at first resistance,
DDOG,300,132.40,2025-10-20 2:15:00 PM,136.60,2025-10-20 3:45:00 PM,long,trend continuation,4,n/a,patient,good entry timing,exited at first resistance,

Week Summary,,,,,,,,,,,,,,
NVDA,450,126.40,2025-10-17 9:35:00 AM,131.20,2025-10-17 10:55:00 AM,long,ORB breakout,5,n/a,very confident,scaled in on confirmation,could hold runner,
PLTR,600,69.20,2025-10-15 9:40:00 AM,72.40,2025-10-15 11:20:00 AM,long,VWAP reclaim,5,n/a,focused,waited for volume,sold too soon,
TSLA,200,242.80,2025-10-13 10:00:00 AM,247.60,2025-10-13 12:00:00 PM,long,trend continuation,4,n/a,patient,held through pullback,took profits early,
AMD,350,143.00,2025-10-16 9:35:00 AM,147.80,2025-10-16 10:50:00 AM,long,morning momentum,5,n/a,confident,A+ execution,could hold runner,
MARA,800,19.40,2025-10-14 11:00:00 AM,21.00,2025-10-14 1:30:00 PM,long,crypto momentum,4,n/a,focused,correlated entry timing,could scale better,
CRWD,100,362.00,2025-10-17 10:00:00 AM,369.40,2025-10-17 11:30:00 AM,long,flag breakout,5,n/a,very confident,rode momentum,took profits early,
GOOGL,200,172.00,2025-10-13 2:00:00 PM,176.20,2025-10-13 3:30:00 PM,long,pullback to 9 EMA,4,n/a,patient,good entry timing,exited at first resistance,
AMZN,250,209.00,2025-10-15 2:00:00 PM,213.20,2025-10-15 3:30:00 PM,long,support reclaim,4,n/a,calm,partial exits smooth,exited at first resistance,
SMCI,500,35.20,2025-10-14 9:45:00 AM,38.40,2025-10-14 11:15:00 AM,long,gap and go,4,n/a,calm,partial exits smooth,took profits early,

Week Summary,,,,,,,,,,,,,,
NVDA,500,124.20,2025-10-10 9:35:00 AM,129.00,2025-10-10 10:50:00 AM,long,ORB breakout,5,n/a,very confident,scaled in on confirmation,could hold runner,
TSLA,300,240.60,2025-10-08 9:40:00 AM,245.40,2025-10-08 11:00:00 AM,long,trend continuation,4,n/a,patient,held through pullback,sold too soon,
PLTR,700,68.20,2025-10-09 9:35:00 AM,71.40,2025-10-09 11:15:00 AM,long,gap and go,5,n/a,confident,A+ execution,took profits early,
MARA,900,19.00,2025-10-06 10:00:00 AM,20.60,2025-10-06 1:30:00 PM,long,crypto momentum,5,n/a,very confident,rode momentum,could scale better,
AMD,400,141.00,2025-10-07 9:45:00 AM,145.80,2025-10-07 11:30:00 AM,long,VWAP reclaim,4,n/a,focused,waited for volume,took profits early,
SMCI,400,34.20,2025-10-08 2:00:00 PM,37.40,2025-10-08 3:30:00 PM,long,support reclaim,4,n/a,calm,partial exits smooth,exited at first resistance,
NET,300,112.20,2025-10-09 1:30:00 PM,116.00,2025-10-09 3:00:00 PM,long,consolidation break,4,n/a,calm,partial exits smooth,exited at first resistance,
RIOT,700,13.80,2025-10-07 11:00:00 AM,14.90,2025-10-07 1:45:00 PM,long,BTC correlation,4,n/a,focused,correlated entry timing,took profits early,
DDOG,300,130.20,2025-10-06 2:15:00 PM,134.40,2025-10-06 3:45:00 PM,long,trend continuation,4,n/a,patient,good entry timing,exited at first resistance,
