"Realized Gain/Loss - Lot Details for ...299 as of Mon Jul 06  10:47:11 EDT 2026 from 07/01/2026 to 07/06/2026","","","","","","","","","","","","","","","","","","","","","","","",""
"Symbol","Name","Closed Date","Opened Date","Quantity","Proceeds Per Share","Cost Per Share","Proceeds","Cost Basis (CB)","Gain/Loss ($)","Gain/Loss (%)","Long Term Gain/Loss","Short Term Gain/Loss","Term","Unadjusted Cost Basis","Wash Sale?","Disallowed Loss","Transaction Closed Date","Transaction Cost Basis","Total Transaction Gain/Loss ($)","Total Transaction Gain/Loss (%)","LT Transaction Gain/Loss ($)","LT Transaction Gain/Loss (%)","ST Transaction Gain/Loss ($)","ST Transaction Gain/Loss (%)"
"ELAB","PMGC HLDGS INC","07/06/2026","07/06/2026","250","$1.41","$1.39","$352.94","$346.59","$6.35","1.832135953143%","","$6.35","Short Term","$346.59","No","","07/06/2026","","","","","","",""
"ELAB","PMGC HLDGS INC","07/06/2026","07/06/2026","250","$1.39","$1.39","$347.77","$347.23","$0.54","0.15551651643%","","$0.54","Short Term","$347.23","No","","07/06/2026","","","","","","",""
"GMEX","GMEX ROBOTICS CORP A","07/06/2026","07/06/2026","50","$7.88","$7.35","$393.99","$367.50","$26.49","7.208163265306%","","$26.49","Short Term","$367.50","No","","07/06/2026","","","","","","",""
"GMEX","GMEX ROBOTICS CORP A","07/06/2026","07/06/2026","50","$6.26","$6.19","$313.00","$309.50","$3.50","1.130856219709%","","$3.50","Short Term","$309.50","No","","07/06/2026","","","","","","",""
"KIDZ","KIDZ AI INC","07/06/2026","07/06/2026","250","$0.84","$0.91","$209.85","$227.65","$0.00","0%","","$0.00","Short Term","$227.65","Yes","$17.80","07/06/2026","","","","","","",""
"KIDZ","KIDZ AI INC","07/06/2026","07/06/2026","250","$1.06","$1.10","$264.94","$274.98","$0.00","0%","","$0.00","Short Term","$274.98","Yes","$10.04","07/06/2026","$257.18","$7.76","3.017341939498%","","","$7.76","3.017341939497628%"
"KIDZ","KIDZ AI INC","07/06/2026","07/06/2026","250","$1.06","$1.07","$264.99","$267.04","-$2.05","-0.767675254643%","","-$2.05","Short Term","$267.04","No","","07/06/2026","$257.00","$7.99","3.108949416342%","","","$7.99","3.1089494163424125%"
"LHSW","LIANHE SOWELL INTL G A","07/06/2026","07/06/2026","150","$5.55","$5.46","$831.82","$818.90","$12.92","1.577726218097%","","$12.92","Short Term","$818.90","No","","07/06/2026","","","","","","",""
"LHSW","LIANHE SOWELL INTL G A","07/06/2026","07/06/2026","150","$5.20","$5.19","$779.95","$778.50","$1.45","0.186255619782%","","$1.45","Short Term","$778.50","No","","07/06/2026","","","","","","",""
"LHSW","LIANHE SOWELL INTL G A","07/06/2026","07/06/2026","50","$5.55","$6.03","$277.38","$301.50","$0.00","0%","","$0.00","Short Term","$301.50","Yes","$24.12","07/06/2026","","","","","","",""
"LHSW","LIANHE SOWELL INTL G A","07/06/2026","07/06/2026","50","$5.92","$6.40","$296.23","$320.12","-$23.89","-7.462826440085%","","-$23.89","Short Term","$320.12","No","","07/06/2026","$296.00","$0.23","0.077702702703%","","","$0.23","0.07770270270270271%"
"LUCY","INNOVATIVE EYEWEAR I EQUITY","07/06/2026","07/06/2026","250","$0.94","$0.92","$234.98","$229.92","$5.06","2.200765483646%","","$5.06","Short Term","$229.92","No","","07/06/2026","","","","","","",""
"LUCY","INNOVATIVE EYEWEAR I EQUITY","07/06/2026","07/06/2026","250","$0.94","$0.92","$235.08","$229.98","$5.10","2.217584137751%","","$5.10","Short Term","$229.98","No","","07/06/2026","","","","","","",""
"LUCY","INNOVATIVE EYEWEAR I EQUITY","07/06/2026","07/06/2026","250","$1.15","$1.14","$288.69","$283.75","$4.94","1.740969162996%","","$4.94","Short Term","$283.75","No","","07/06/2026","","","","","","",""
"LUCY","INNOVATIVE EYEWEAR I EQUITY","07/06/2026","07/06/2026","250","$1.15","$1.14","$288.70","$284.70","$4.00","1.404987706358%","","$4.00","Short Term","$284.70","No","","07/06/2026","","","","","","",""
"ZNB","ZETA NETWORK GROUP A","07/06/2026","07/06/2026","250","$0.74","$0.77","$185.48","$191.73","-$6.25","-3.259792416419%","","-$6.25","Short Term","$191.73","No","","07/06/2026","","","","","","",""
"CETX","CEMTREX INC","07/02/2026","07/02/2026","250","$5.25","$5.18","$1,312.42","$1,294.88","$17.54","1.354565674039%","","$17.54","Short Term","$1,294.88","No","","07/02/2026","","","","","","",""
"CETX","CEMTREX INC","07/02/2026","07/02/2026","250","$4.97","$5.15","$1,242.42","$1,286.49","$0.00","0%","","$0.00","Short Term","$1,286.49","Yes","$44.07","07/02/2026","","","","","","",""
"CETX","CEMTREX INC","07/02/2026","07/02/2026","250","$4.64","$4.79","$1,160.43","$1,196.25","$0.00","0%","","$0.00","Short Term","$1,196.25","Yes","$35.82","07/02/2026","$1,152.18","$8.25","0.716033953028%","","","$8.25","0.7160339530281726%"
"CETX","CEMTREX INC","07/02/2026","07/02/2026","250","$4.83","$5.18","$1,207.88","$1,295.32","$0.00","0%","","$0.00","Short Term","$1,295.32","Yes","$87.44","07/02/2026","$1,259.50","-$51.62","-4.098451766574%","","","-$51.62","-4.098451766574037%"
"CETX","CEMTREX INC","07/02/2026","07/02/2026","250","$4.13","$4.57","$1,032.93","$1,142.42","-$109.49","-9.584040895643%","","-$109.49","Short Term","$1,142.42","No","","07/02/2026","$1,054.98","-$22.05","-2.090087015868%","","","-$22.05","-2.0900870158675993%"
"CLRO","CLEARONE INC","07/02/2026","07/02/2026","250","$4.39","$4.88","$1,097.43","$1,220.00","$0.00","0%","","$0.00","Short Term","$1,220.00","Yes","$122.57","07/02/2026","","","","","","",""
"CLRO","CLEARONE INC","07/02/2026","07/02/2026","250","$4.93","$5.46","$1,232.42","$1,364.15","$0.00","0%","","$0.00","Short Term","$1,364.15","Yes","$131.73","07/02/2026","$1,241.58","-$9.16","-0.737769616134%","","","-$9.16","-0.7377696161342806%"
"CLRO","CLEARONE INC","07/02/2026","07/02/2026","250","$4.70","$5.45","$1,175.11","$1,361.73","-$186.62","-13.704625733442%","","-$186.62","Short Term","$1,361.73","No","","07/02/2026","$1,230.00","-$54.89","-4.462601626016%","","","-$54.89","-4.46260162601626%"
"CWD","CALIBERCOS INC","07/02/2026","07/02/2026","500","$0.94","$0.91","$469.44","$457.40","$12.04","2.632269348491%","","$12.04","Short Term","$457.40","No","","07/02/2026","","","","","","",""
"LGCL","LUCAS GC LTD","07/02/2026","07/02/2026","250","$2.91","$2.88","$727.44","$720.00","$7.44","1.033333333333%","","$7.44","Short Term","$720.00","No","","07/02/2026","","","","","","",""
"PPCB","PROPANC BIOPHARMA IN","07/02/2026","07/02/2026","250","$1.96","$2.36","$491.19","$591.14","$0.00","0%","","$0.00","Short Term","$591.14","Yes","$99.95","07/02/2026","$503.75","-$12.56","-2.493300248139%","","","-$12.56","-2.493300248138958%"
"PPCB","PROPANC BIOPHARMA IN","07/02/2026","07/02/2026","250","$1.99","$2.50","$498.69","$624.93","$0.00","0%","","$0.00","Short Term","$624.93","Yes","$126.24","07/02/2026","$524.98","-$26.29","-5.007809821327%","","","-$26.29","-5.007809821326526%"
"PPCB","PROPANC BIOPHARMA IN","07/02/2026","07/02/2026","250","$2.26","$2.62","$564.94","$656.22","-$91.28","-13.90996921764%","","-$91.28","Short Term","$656.22","No","","07/02/2026","$529.98","$34.96","6.596475338692%","","","$34.96","6.596475338692026%"
"SDEV","STABLECOIN DEV CORP","07/02/2026","07/02/2026","500","$1.32","$1.34","$659.89","$672.50","-$12.61","-1.875092936803%","","-$12.61","Short Term","$672.50","No","","07/02/2026","","","","","","",""
"USDE","STABLECOINX INC A","07/02/2026","07/02/2026","250","$4.71","$4.67","$1,177.43","$1,167.50","$9.93","0.850535331906%","","$9.93","Short Term","$1,167.50","No","","07/02/2026","","","","","","",""
"CANF","CAN-FITE BIOPHARMA L ADR","07/01/2026","07/01/2026","150","$5.83","$5.59","$874.45","$838.98","$35.47","4.227752747384%","","$35.47","Short Term","$838.98","No","","07/01/2026","","","","","","",""
"CANF","CAN-FITE BIOPHARMA L ADR","07/01/2026","07/01/2026","150","$5.34","$5.52","$800.97","$827.96","$0.00","0%","","$0.00","Short Term","$827.96","Yes","$26.99","07/01/2026","","","","","","",""
"CANF","CAN-FITE BIOPHARMA L ADR","07/01/2026","07/01/2026","150","$5.33","$5.47","$798.93","$820.43","$0.00","0%","","$0.00","Short Term","$820.43","Yes","$21.50","07/01/2026","$793.44","$5.49","0.691923774955%","","","$5.49","0.6919237749546279%"
"CANF","CAN-FITE BIOPHARMA L ADR","07/01/2026","07/01/2026","150","$5.43","$5.35","$814.45","$802.25","$12.20","1.520722966656%","","$12.20","Short Term","$802.25","No","","07/01/2026","$780.75","$33.70","4.316362471982%","","","$33.70","4.316362471982068%"
"CODX","CO-DIAGNOSTICS INC","07/01/2026","07/01/2026","250","$3.82","$4.33","$954.93","$1,082.50","-$127.57","-11.784757505774%","","-$127.57","Short Term","$1,082.50","No","","07/01/2026","","","","","","",""
"JEM","707 CAYMAN HLDGS LTD A","07/01/2026","07/01/2026","50","$9.67","$9.82","$483.48","$491.04","-$7.56","-1.539589442815%","","-$7.56","Short Term","$491.04","No","","07/01/2026","$479.37","$4.11","0.857375305088%","","","$4.11","0.857375305087928%"
"JEM","707 CAYMAN HLDGS LTD A","07/01/2026","07/01/2026","50","$9.30","$9.33","$464.98","$466.62","-$1.64","-0.3514637178%","","-$1.64","Short Term","$466.62","No","","07/01/2026","$454.95","$10.03","2.204637872294%","","","$10.03","2.2046378722936586%"
"KUST","KUSTOM ENTMT INC","07/01/2026","07/01/2026","500","$1.31","$1.43","$655.54","$716.72","-$61.18","-8.53610894073%","","-$61.18","Short Term","$716.72","No","","07/01/2026","$644.35","$11.19","1.736633817025%","","","$11.19","1.7366338170249087%"
"LHAI","LINKHOME HLDGS INC","07/01/2026","07/01/2026","250","$1.74","$1.72","$435.13","$429.60","$5.53","1.287243947858%","","$5.53","Short Term","$429.60","No","","07/01/2026","","","","","","",""
"LHAI","LINKHOME HLDGS INC","07/01/2026","07/01/2026","250","$1.74","$1.71","$435.12","$427.45","$7.67","1.794361913674%","","$7.67","Short Term","$427.45","No","","07/01/2026","","","","","","",""
"TC","TOKEN CAT LTD ADR","07/01/2026","07/01/2026","150","$5.63","$6.13","$844.47","$919.50","-$75.03","-8.15986949429%","","-$75.03","Short Term","$919.50","No","","07/01/2026","","","","","","",""
"TC","TOKEN CAT LTD ADR","07/01/2026","07/01/2026","150","$5.63","$6.14","$844.47","$920.52","$0.00","0%","","$0.00","Short Term","$920.52","Yes","$76.05","07/01/2026","","","","","","",""
"TC","TOKEN CAT LTD ADR","07/01/2026","07/01/2026","150","$5.04","$5.93","$755.95","$889.04","-$133.09","-14.970080086385%","","-$133.09","Short Term","$889.04","No","","07/01/2026","$812.99","-$57.04","-7.016076458505%","","","-$57.04","-7.016076458505024%"
